-- phpMyAdmin SQL Dump
-- version 5.2.1
-- https://www.phpmyadmin.net/
--
-- Host: 127.0.0.1
-- Generation Time: Jan 06, 2025 at 08:31 AM
-- Server version: 10.4.32-MariaDB
-- PHP Version: 8.2.12

SET SQL_MODE = "NO_AUTO_VALUE_ON_ZERO";
START TRANSACTION;
SET time_zone = "+00:00";


/*!40101 SET @OLD_CHARACTER_SET_CLIENT=@@CHARACTER_SET_CLIENT */;
/*!40101 SET @OLD_CHARACTER_SET_RESULTS=@@CHARACTER_SET_RESULTS */;
/*!40101 SET @OLD_COLLATION_CONNECTION=@@COLLATION_CONNECTION */;
/*!40101 SET NAMES utf8mb4 */;

--
-- Database: `keretakuy`
--
CREATE DATABASE IF NOT EXISTS `keretakuy` DEFAULT CHARACTER SET utf8mb4 COLLATE utf8mb4_general_ci;
USE `keretakuy`;

-- --------------------------------------------------------

--
-- Table structure for table `kereta`
--

CREATE TABLE `kereta` (
  `idKereta` int(2) UNSIGNED ZEROFILL NOT NULL,
  `nama` varchar(100) NOT NULL,
  `kapasitas` int(11) NOT NULL,
  `hargaKereta` int(11) DEFAULT NULL
) ENGINE=InnoDB DEFAULT CHARSET=utf8mb4 COLLATE=utf8mb4_general_ci;

--
-- Dumping data for table `kereta`
--

INSERT INTO `kereta` (`idKereta`, `nama`, `kapasitas`, `hargaKereta`) VALUES
(01, 'Pasundan', 10, 500),
(02, 'Pangandaran', 10, 1000),
(03, 'Argo Wilis', 10, 1200),
(04, 'Brawijaya', 10, 1300);

-- --------------------------------------------------------

--
-- Table structure for table `penumpang`
--

CREATE TABLE `penumpang` (
  `idPenumpang` int(11) NOT NULL,
  `namaPenumpang` varchar(50) NOT NULL,
  `emailPenumpang` varchar(30) NOT NULL,
  `idUser` int(3) UNSIGNED ZEROFILL NOT NULL
) ENGINE=InnoDB DEFAULT CHARSET=utf8mb4 COLLATE=utf8mb4_general_ci;

-- --------------------------------------------------------

--
-- Table structure for table `rute`
--

CREATE TABLE `rute` (
  `idRute` int(11) NOT NULL,
  `idKereta` int(2) UNSIGNED ZEROFILL DEFAULT NULL,
  `idStasiunAsal` int(3) UNSIGNED ZEROFILL DEFAULT NULL,
  `idStasiunTujuan` int(3) UNSIGNED ZEROFILL DEFAULT NULL,
  `departureTime` time NOT NULL,
  `arrivalTime` time NOT NULL,
  `distance` int(11) NOT NULL,
  `capacity` int(11) NOT NULL,
  `date` date NOT NULL
) ENGINE=InnoDB DEFAULT CHARSET=utf8mb4 COLLATE=utf8mb4_general_ci;

--
-- Dumping data for table `rute`
--

INSERT INTO `rute` (`idRute`, `idKereta`, `idStasiunAsal`, `idStasiunTujuan`, `departureTime`, `arrivalTime`, `distance`, `capacity`, `date`) VALUES
(1, 01, 001, 002, '06:00:00', '07:30:00', 70, 10, '2025-01-06'),
(2, 01, 002, 003, '07:45:00', '08:15:00', 40, 10, '2025-01-06'),
(3, 01, 003, 004, '08:30:00', '09:00:00', 40, 10, '2025-01-06'),
(4, 01, 004, 005, '09:15:00', '10:45:00', 50, 10, '2025-01-06'),
(5, 01, 005, 006, '11:00:00', '13:00:00', 120, 10, '2025-01-06'),
(6, 01, 006, 007, '13:15:00', '14:45:00', 80, 10, '2025-01-06'),
(7, 01, 007, 008, '15:00:00', '16:30:00', 100, 10, '2025-01-06'),
(8, 01, 008, 009, '16:45:00', '17:45:00', 110, 10, '2025-01-06'),
(9, 01, 009, 010, '18:00:00', '19:30:00', 90, 10, '2025-01-06'),
(10, 01, 001, 002, '06:00:00', '07:30:00', 70, 10, '2025-01-07'),
(11, 01, 002, 003, '07:45:00', '08:15:00', 40, 10, '2025-01-07'),
(12, 01, 003, 004, '08:30:00', '09:00:00', 40, 10, '2025-01-07'),
(13, 01, 004, 005, '09:15:00', '10:45:00', 50, 10, '2025-01-07'),
(14, 01, 005, 006, '11:00:00', '13:00:00', 120, 10, '2025-01-07'),
(15, 01, 006, 007, '13:15:00', '14:45:00', 80, 10, '2025-01-07'),
(16, 01, 007, 008, '15:00:00', '16:30:00', 100, 10, '2025-01-07'),
(17, 01, 008, 009, '16:45:00', '17:45:00', 110, 10, '2025-01-07'),
(18, 01, 009, 010, '18:00:00', '19:30:00', 90, 10, '2025-01-07'),
(19, 01, 001, 002, '06:00:00', '07:30:00', 70, 10, '2025-01-08'),
(20, 01, 002, 003, '07:45:00', '08:15:00', 40, 10, '2025-01-08'),
(21, 01, 003, 004, '08:30:00', '09:00:00', 40, 10, '2025-01-08'),
(22, 01, 004, 005, '09:15:00', '10:45:00', 50, 10, '2025-01-08'),
(23, 01, 005, 006, '11:00:00', '13:00:00', 120, 10, '2025-01-08'),
(24, 01, 006, 007, '13:15:00', '14:45:00', 80, 10, '2025-01-08'),
(25, 01, 007, 008, '15:00:00', '16:30:00', 100, 10, '2025-01-08'),
(26, 01, 008, 009, '16:45:00', '17:45:00', 110, 10, '2025-01-08'),
(27, 01, 009, 010, '18:00:00', '19:30:00', 90, 10, '2025-01-08'),
(28, 01, 001, 002, '06:00:00', '07:30:00', 70, 10, '2025-01-09'),
(29, 01, 002, 003, '07:45:00', '08:15:00', 40, 10, '2025-01-09'),
(30, 01, 003, 004, '08:30:00', '09:00:00', 40, 10, '2025-01-09'),
(31, 01, 004, 005, '09:15:00', '10:45:00', 50, 10, '2025-01-09'),
(32, 01, 005, 006, '11:00:00', '13:00:00', 120, 10, '2025-01-09'),
(33, 01, 006, 007, '13:15:00', '14:45:00', 80, 10, '2025-01-09'),
(34, 01, 007, 008, '15:00:00', '16:30:00', 100, 10, '2025-01-09'),
(35, 01, 008, 009, '16:45:00', '17:45:00', 110, 10, '2025-01-09'),
(36, 01, 009, 010, '18:00:00', '19:30:00', 90, 10, '2025-01-09'),
(37, 01, 001, 002, '06:00:00', '07:30:00', 70, 10, '2025-01-10'),
(38, 01, 002, 003, '07:45:00', '08:15:00', 40, 10, '2025-01-10'),
(39, 01, 003, 004, '08:30:00', '09:00:00', 40, 10, '2025-01-10'),
(40, 01, 004, 005, '09:15:00', '10:45:00', 50, 10, '2025-01-10'),
(41, 01, 005, 006, '11:00:00', '13:00:00', 120, 10, '2025-01-10'),
(42, 01, 006, 007, '13:15:00', '14:45:00', 80, 10, '2025-01-10'),
(43, 01, 007, 008, '15:00:00', '16:30:00', 100, 10, '2025-01-10'),
(44, 01, 008, 009, '16:45:00', '17:45:00', 110, 10, '2025-01-10'),
(45, 01, 009, 010, '18:00:00', '19:30:00', 90, 10, '2025-01-10'),
(46, 02, 011, 012, '09:30:00', '09:45:00', 20, 10, '2025-01-06'),
(47, 02, 012, 013, '09:50:00', '10:30:00', 120, 10, '2025-01-06'),
(48, 02, 013, 001, '10:50:00', '11:15:00', 10, 10, '2025-01-06'),
(49, 02, 001, 002, '11:15:00', '13:00:00', 70, 10, '2025-01-06'),
(50, 02, 002, 003, '13:15:00', '13:45:00', 40, 10, '2025-01-06'),
(51, 02, 003, 004, '14:00:00', '14:30:00', 40, 10, '2025-01-06'),
(52, 02, 004, 014, '14:45:00', '16:00:00', 70, 10, '2025-01-06'),
(53, 02, 011, 012, '09:30:00', '09:45:00', 20, 10, '2025-01-07'),
(54, 02, 012, 013, '09:50:00', '10:30:00', 120, 10, '2025-01-07'),
(55, 02, 013, 001, '10:50:00', '11:15:00', 10, 10, '2025-01-07'),
(56, 02, 001, 002, '11:15:00', '13:00:00', 70, 10, '2025-01-07'),
(57, 02, 002, 003, '13:15:00', '13:45:00', 40, 10, '2025-01-07'),
(58, 02, 003, 004, '14:00:00', '14:30:00', 40, 10, '2025-01-07'),
(59, 02, 004, 014, '14:45:00', '16:00:00', 70, 10, '2025-01-07'),
(60, 02, 011, 012, '09:30:00', '09:45:00', 20, 10, '2025-01-08'),
(61, 02, 012, 013, '09:50:00', '10:30:00', 120, 10, '2025-01-08'),
(62, 02, 013, 001, '10:50:00', '11:15:00', 10, 10, '2025-01-08'),
(63, 02, 001, 002, '11:15:00', '13:00:00', 70, 10, '2025-01-08'),
(64, 02, 002, 003, '13:15:00', '13:45:00', 40, 10, '2025-01-08'),
(65, 02, 003, 004, '14:00:00', '14:30:00', 40, 10, '2025-01-08'),
(66, 02, 004, 014, '14:45:00', '16:00:00', 70, 10, '2025-01-08'),
(67, 02, 011, 012, '09:30:00', '09:45:00', 20, 10, '2025-01-09'),
(68, 02, 012, 013, '09:50:00', '10:30:00', 120, 10, '2025-01-09'),
(69, 02, 013, 001, '10:50:00', '11:15:00', 10, 10, '2025-01-09'),
(70, 02, 001, 002, '11:15:00', '13:00:00', 70, 10, '2025-01-09'),
(71, 02, 002, 003, '13:15:00', '13:45:00', 40, 10, '2025-01-09'),
(72, 02, 003, 004, '14:00:00', '14:30:00', 40, 10, '2025-01-09'),
(73, 02, 004, 014, '14:45:00', '16:00:00', 70, 10, '2025-01-09'),
(74, 02, 011, 012, '09:30:00', '09:45:00', 20, 10, '2025-01-10'),
(75, 02, 012, 013, '09:50:00', '10:30:00', 120, 10, '2025-01-10'),
(76, 02, 013, 001, '10:50:00', '11:15:00', 10, 10, '2025-01-10'),
(77, 02, 001, 002, '11:15:00', '13:00:00', 70, 10, '2025-01-10'),
(78, 02, 002, 003, '13:15:00', '13:45:00', 40, 10, '2025-01-10'),
(79, 02, 003, 004, '14:00:00', '14:30:00', 40, 10, '2025-01-10'),
(80, 02, 004, 014, '14:45:00', '16:00:00', 70, 10, '2025-01-10'),
(81, 03, 001, 015, '05:00:00', '06:30:00', 110, 10, '2025-01-06'),
(82, 03, 015, 002, '06:45:00', '08:15:00', 120, 10, '2025-01-06'),
(83, 03, 002, 003, '08:30:00', '09:00:00', 40, 10, '2025-01-06'),
(84, 03, 003, 004, '09:15:00', '09:45:00', 40, 10, '2025-01-06'),
(85, 03, 004, 005, '10:00:00', '11:30:00', 80, 10, '2025-01-06'),
(86, 03, 005, 016, '11:45:00', '13:15:00', 100, 10, '2025-01-06'),
(87, 03, 016, 006, '13:30:00', '15:00:00', 110, 10, '2025-01-06'),
(88, 03, 006, 017, '15:15:00', '16:45:00', 70, 10, '2025-01-06'),
(89, 03, 017, 008, '17:00:00', '18:30:00', 100, 10, '2025-01-06'),
(90, 03, 008, 009, '18:45:00', '19:45:00', 110, 10, '2025-01-06'),
(91, 03, 009, 018, '20:00:00', '20:45:00', 50, 10, '2025-01-06'),
(92, 03, 018, 019, '21:00:00', '22:00:00', 60, 10, '2025-01-06'),
(93, 03, 001, 015, '05:00:00', '06:30:00', 110, 10, '2025-01-07'),
(94, 03, 015, 002, '06:45:00', '08:15:00', 120, 10, '2025-01-07'),
(95, 03, 002, 003, '08:30:00', '09:00:00', 40, 10, '2025-01-07'),
(96, 03, 003, 004, '09:15:00', '09:45:00', 40, 10, '2025-01-07'),
(97, 03, 004, 005, '10:00:00', '11:30:00', 80, 10, '2025-01-07'),
(98, 03, 005, 016, '11:45:00', '13:15:00', 100, 10, '2025-01-07'),
(99, 03, 016, 006, '13:30:00', '15:00:00', 110, 10, '2025-01-07'),
(100, 03, 006, 017, '15:15:00', '16:45:00', 70, 10, '2025-01-07'),
(101, 03, 017, 008, '17:00:00', '18:30:00', 100, 10, '2025-01-07'),
(102, 03, 008, 009, '18:45:00', '19:45:00', 110, 10, '2025-01-07'),
(103, 03, 009, 018, '20:00:00', '20:45:00', 50, 10, '2025-01-07'),
(104, 03, 018, 019, '21:00:00', '22:00:00', 60, 10, '2025-01-07'),
(105, 03, 001, 015, '05:00:00', '06:30:00', 110, 10, '2025-01-08'),
(106, 03, 015, 002, '06:45:00', '08:15:00', 120, 10, '2025-01-08'),
(107, 03, 002, 003, '08:30:00', '09:00:00', 40, 10, '2025-01-08'),
(108, 03, 003, 004, '09:15:00', '09:45:00', 40, 10, '2025-01-08'),
(109, 03, 004, 005, '10:00:00', '11:30:00', 80, 10, '2025-01-08'),
(110, 03, 005, 016, '11:45:00', '13:15:00', 100, 10, '2025-01-08'),
(111, 03, 016, 006, '13:30:00', '15:00:00', 110, 10, '2025-01-08'),
(112, 03, 006, 017, '15:15:00', '16:45:00', 70, 10, '2025-01-08'),
(113, 03, 017, 008, '17:00:00', '18:30:00', 100, 10, '2025-01-08'),
(114, 03, 008, 009, '18:45:00', '19:45:00', 110, 10, '2025-01-08'),
(115, 03, 009, 018, '20:00:00', '20:45:00', 50, 10, '2025-01-08'),
(116, 03, 018, 019, '21:00:00', '22:00:00', 60, 10, '2025-01-08'),
(117, 03, 001, 015, '05:00:00', '06:30:00', 110, 10, '2025-01-09'),
(118, 03, 015, 002, '06:45:00', '08:15:00', 120, 10, '2025-01-09'),
(119, 03, 002, 003, '08:30:00', '09:00:00', 40, 10, '2025-01-09'),
(120, 03, 003, 004, '09:15:00', '09:45:00', 40, 10, '2025-01-09'),
(121, 03, 004, 005, '10:00:00', '11:30:00', 80, 10, '2025-01-09'),
(122, 03, 005, 016, '11:45:00', '13:15:00', 100, 10, '2025-01-09'),
(123, 03, 016, 006, '13:30:00', '15:00:00', 110, 10, '2025-01-09'),
(124, 03, 006, 017, '15:15:00', '16:45:00', 70, 10, '2025-01-09'),
(125, 03, 017, 008, '17:00:00', '18:30:00', 100, 10, '2025-01-09'),
(126, 03, 008, 009, '18:45:00', '19:45:00', 110, 10, '2025-01-09'),
(127, 03, 009, 018, '20:00:00', '20:45:00', 50, 10, '2025-01-09'),
(128, 03, 018, 019, '21:00:00', '22:00:00', 60, 10, '2025-01-09'),
(129, 03, 001, 015, '05:00:00', '06:30:00', 110, 10, '2025-01-10'),
(130, 03, 015, 002, '06:45:00', '08:15:00', 120, 10, '2025-01-10'),
(131, 03, 002, 003, '08:30:00', '09:00:00', 40, 10, '2025-01-10'),
(132, 03, 003, 004, '09:15:00', '09:45:00', 40, 10, '2025-01-10'),
(133, 03, 004, 005, '10:00:00', '11:30:00', 80, 10, '2025-01-10'),
(134, 03, 005, 016, '11:45:00', '13:15:00', 100, 10, '2025-01-10'),
(135, 03, 016, 006, '13:30:00', '15:00:00', 110, 10, '2025-01-10'),
(136, 03, 006, 017, '15:15:00', '16:45:00', 70, 10, '2025-01-10'),
(137, 03, 017, 008, '17:00:00', '18:30:00', 100, 10, '2025-01-10'),
(138, 03, 008, 009, '18:45:00', '19:45:00', 110, 10, '2025-01-10'),
(139, 03, 009, 018, '20:00:00', '20:45:00', 50, 10, '2025-01-10'),
(140, 03, 018, 019, '21:00:00', '22:00:00', 60, 10, '2025-01-10'),
(141, 03, 001, 015, '05:00:00', '06:30:00', 110, 10, '2025-01-06'),
(142, 03, 015, 002, '06:45:00', '08:15:00', 120, 10, '2025-01-06'),
(143, 03, 002, 003, '08:30:00', '09:00:00', 40, 10, '2025-01-06'),
(144, 03, 003, 004, '09:15:00', '09:45:00', 40, 10, '2025-01-06'),
(145, 03, 004, 005, '10:00:00', '11:30:00', 80, 10, '2025-01-06'),
(146, 03, 005, 016, '11:45:00', '13:15:00', 100, 10, '2025-01-06'),
(147, 03, 016, 006, '13:30:00', '15:00:00', 110, 10, '2025-01-06'),
(148, 03, 006, 017, '15:15:00', '16:45:00', 70, 10, '2025-01-06'),
(149, 03, 017, 008, '17:00:00', '18:30:00', 100, 10, '2025-01-06'),
(150, 03, 008, 009, '18:45:00', '19:45:00', 110, 10, '2025-01-06'),
(151, 03, 009, 018, '20:00:00', '20:45:00', 50, 10, '2025-01-06'),
(152, 03, 018, 019, '21:00:00', '22:00:00', 60, 10, '2025-01-06'),
(153, 03, 001, 015, '05:00:00', '06:30:00', 110, 10, '2025-01-07'),
(154, 03, 015, 002, '06:45:00', '08:15:00', 120, 10, '2025-01-07'),
(155, 03, 002, 003, '08:30:00', '09:00:00', 40, 10, '2025-01-07'),
(156, 03, 003, 004, '09:15:00', '09:45:00', 40, 10, '2025-01-07'),
(157, 03, 004, 005, '10:00:00', '11:30:00', 80, 10, '2025-01-07'),
(158, 03, 005, 016, '11:45:00', '13:15:00', 100, 10, '2025-01-07'),
(159, 03, 016, 006, '13:30:00', '15:00:00', 110, 10, '2025-01-07'),
(160, 03, 006, 017, '15:15:00', '16:45:00', 70, 10, '2025-01-07'),
(161, 03, 017, 008, '17:00:00', '18:30:00', 100, 10, '2025-01-07'),
(162, 03, 008, 009, '18:45:00', '19:45:00', 110, 10, '2025-01-07'),
(163, 03, 009, 018, '20:00:00', '20:45:00', 50, 10, '2025-01-07'),
(164, 03, 018, 019, '21:00:00', '22:00:00', 60, 10, '2025-01-07'),
(165, 03, 001, 015, '05:00:00', '06:30:00', 110, 10, '2025-01-08'),
(166, 03, 015, 002, '06:45:00', '08:15:00', 120, 10, '2025-01-08'),
(167, 03, 002, 003, '08:30:00', '09:00:00', 40, 10, '2025-01-08'),
(168, 03, 003, 004, '09:15:00', '09:45:00', 40, 10, '2025-01-08'),
(169, 03, 004, 005, '10:00:00', '11:30:00', 80, 10, '2025-01-08'),
(170, 03, 005, 016, '11:45:00', '13:15:00', 100, 10, '2025-01-08'),
(171, 03, 016, 006, '13:30:00', '15:00:00', 110, 10, '2025-01-08'),
(172, 03, 006, 017, '15:15:00', '16:45:00', 70, 10, '2025-01-08'),
(173, 03, 017, 008, '17:00:00', '18:30:00', 100, 10, '2025-01-08'),
(174, 03, 008, 009, '18:45:00', '19:45:00', 110, 10, '2025-01-08'),
(175, 03, 009, 018, '20:00:00', '20:45:00', 50, 10, '2025-01-08'),
(176, 03, 018, 019, '21:00:00', '22:00:00', 60, 10, '2025-01-08'),
(177, 03, 001, 015, '05:00:00', '06:30:00', 110, 10, '2025-01-09'),
(178, 03, 015, 002, '06:45:00', '08:15:00', 120, 10, '2025-01-09'),
(179, 03, 002, 003, '08:30:00', '09:00:00', 40, 10, '2025-01-09'),
(180, 03, 003, 004, '09:15:00', '09:45:00', 40, 10, '2025-01-09'),
(181, 03, 004, 005, '10:00:00', '11:30:00', 80, 10, '2025-01-09'),
(182, 03, 005, 016, '11:45:00', '13:15:00', 100, 10, '2025-01-09'),
(183, 03, 016, 006, '13:30:00', '15:00:00', 110, 10, '2025-01-09'),
(184, 03, 006, 017, '15:15:00', '16:45:00', 70, 10, '2025-01-09'),
(185, 03, 017, 008, '17:00:00', '18:30:00', 100, 10, '2025-01-09'),
(186, 03, 008, 009, '18:45:00', '19:45:00', 110, 10, '2025-01-09'),
(187, 03, 009, 018, '20:00:00', '20:45:00', 50, 10, '2025-01-09'),
(188, 03, 018, 019, '21:00:00', '22:00:00', 60, 10, '2025-01-09'),
(189, 03, 001, 015, '05:00:00', '06:30:00', 110, 10, '2025-01-10'),
(190, 03, 015, 002, '06:45:00', '08:15:00', 120, 10, '2025-01-10'),
(191, 03, 002, 003, '08:30:00', '09:00:00', 40, 10, '2025-01-10'),
(192, 03, 003, 004, '09:15:00', '09:45:00', 40, 10, '2025-01-10'),
(193, 03, 004, 005, '10:00:00', '11:30:00', 80, 10, '2025-01-10'),
(194, 03, 005, 016, '11:45:00', '13:15:00', 100, 10, '2025-01-10'),
(195, 03, 016, 006, '13:30:00', '15:00:00', 110, 10, '2025-01-10'),
(196, 03, 006, 017, '15:15:00', '16:45:00', 70, 10, '2025-01-10'),
(197, 03, 017, 008, '17:00:00', '18:30:00', 100, 10, '2025-01-10'),
(198, 03, 008, 009, '18:45:00', '19:45:00', 110, 10, '2025-01-10'),
(199, 03, 009, 018, '20:00:00', '20:45:00', 50, 10, '2025-01-10'),
(200, 03, 018, 019, '21:00:00', '22:00:00', 60, 10, '2025-01-10');

-- --------------------------------------------------------

--
-- Table structure for table `stasiun`
--

CREATE TABLE `stasiun` (
  `idStasiun` int(3) UNSIGNED ZEROFILL NOT NULL,
  `nama` varchar(100) NOT NULL
) ENGINE=InnoDB DEFAULT CHARSET=utf8mb4 COLLATE=utf8mb4_general_ci;

--
-- Dumping data for table `stasiun`
--

INSERT INTO `stasiun` (`idStasiun`, `nama`) VALUES
(001, 'Bandung'),
(004, 'Banjar'),
(012, 'Bekasi'),
(024, 'Blitar'),
(003, 'Ciamis'),
(029, 'Cikarang'),
(014, 'Cilacap'),
(013, 'Cimahi'),
(015, 'Cipeundeuy'),
(028, 'Cirebon'),
(031, 'Gambir'),
(011, 'Jakarta'),
(030, 'Jatinegara'),
(009, 'Jombang'),
(026, 'Kediri'),
(022, 'Kepanjen'),
(005, 'Kroya'),
(016, 'Kutoarjo'),
(008, 'Madiun'),
(020, 'Malang'),
(021, 'Malang Kotalama'),
(018, 'Mojokerto'),
(027, 'Nganjuk'),
(017, 'Solo Balapan'),
(007, 'Sragen'),
(010, 'Surabaya'),
(019, 'Surabaya Gubeng'),
(002, 'Tasikmalaya'),
(025, 'Tulungagung'),
(023, 'Wlingi'),
(006, 'Yogyakarta');

-- --------------------------------------------------------

--
-- Table structure for table `user`
--

CREATE TABLE `user` (
  `idUser` int(3) UNSIGNED ZEROFILL NOT NULL,
  `nama` varchar(50) DEFAULT NULL,
  `email` varchar(30) DEFAULT NULL,
  `gender` enum('Laki-laki','Perempuan') DEFAULT NULL,
  `tanggalLahir` date DEFAULT NULL,
  `username` varchar(20) DEFAULT NULL,
  `passwrd` varchar(20) DEFAULT NULL
) ENGINE=InnoDB DEFAULT CHARSET=utf8mb4 COLLATE=utf8mb4_general_ci;

--
-- Dumping data for table `user`
--

INSERT INTO `user` (`idUser`, `nama`, `email`, `gender`, `tanggalLahir`, `username`, `passwrd`) VALUES
(001, 'Afif', 'afifksupriyadi@gmail.com', 'Laki-laki', '2010-02-03', 'afiffks', 'afiffks');

--
-- Indexes for dumped tables
--

--
-- Indexes for table `kereta`
--
ALTER TABLE `kereta`
  ADD PRIMARY KEY (`idKereta`);

--
-- Indexes for table `penumpang`
--
ALTER TABLE `penumpang`
  ADD PRIMARY KEY (`idPenumpang`),
  ADD KEY `idUser` (`idUser`);

--
-- Indexes for table `rute`
--
ALTER TABLE `rute`
  ADD PRIMARY KEY (`idRute`),
  ADD KEY `idKereta` (`idKereta`),
  ADD KEY `idStasiunAsal` (`idStasiunAsal`),
  ADD KEY `idStasiunTujuan` (`idStasiunTujuan`);

--
-- Indexes for table `stasiun`
--
ALTER TABLE `stasiun`
  ADD PRIMARY KEY (`idStasiun`),
  ADD UNIQUE KEY `nama` (`nama`);

--
-- Indexes for table `user`
--
ALTER TABLE `user`
  ADD PRIMARY KEY (`idUser`);

--
-- AUTO_INCREMENT for dumped tables
--

--
-- AUTO_INCREMENT for table `kereta`
--
ALTER TABLE `kereta`
  MODIFY `idKereta` int(2) UNSIGNED ZEROFILL NOT NULL AUTO_INCREMENT, AUTO_INCREMENT=5;

--
-- AUTO_INCREMENT for table `penumpang`
--
ALTER TABLE `penumpang`
  MODIFY `idPenumpang` int(11) NOT NULL AUTO_INCREMENT;

--
-- AUTO_INCREMENT for table `rute`
--
ALTER TABLE `rute`
  MODIFY `idRute` int(11) NOT NULL AUTO_INCREMENT, AUTO_INCREMENT=201;

--
-- AUTO_INCREMENT for table `stasiun`
--
ALTER TABLE `stasiun`
  MODIFY `idStasiun` int(3) UNSIGNED ZEROFILL NOT NULL AUTO_INCREMENT, AUTO_INCREMENT=32;

--
-- AUTO_INCREMENT for table `user`
--
ALTER TABLE `user`
  MODIFY `idUser` int(3) UNSIGNED ZEROFILL NOT NULL AUTO_INCREMENT, AUTO_INCREMENT=2;

--
-- Constraints for dumped tables
--

--
-- Constraints for table `penumpang`
--
ALTER TABLE `penumpang`
  ADD CONSTRAINT `penumpang_ibfk_1` FOREIGN KEY (`idUser`) REFERENCES `user` (`idUser`);

--
-- Constraints for table `rute`
--
ALTER TABLE `rute`
  ADD CONSTRAINT `rute_ibfk_1` FOREIGN KEY (`idKereta`) REFERENCES `kereta` (`idKereta`),
  ADD CONSTRAINT `rute_ibfk_2` FOREIGN KEY (`idStasiunAsal`) REFERENCES `stasiun` (`idStasiun`),
  ADD CONSTRAINT `rute_ibfk_3` FOREIGN KEY (`idStasiunTujuan`) REFERENCES `stasiun` (`idStasiun`);
COMMIT;

/*!40101 SET CHARACTER_SET_CLIENT=@OLD_CHARACTER_SET_CLIENT */;
/*!40101 SET CHARACTER_SET_RESULTS=@OLD_CHARACTER_SET_RESULTS */;
/*!40101 SET COLLATION_CONNECTION=@OLD_COLLATION_CONNECTION */;
