-- phpMyAdmin SQL Dump
-- version 5.2.1
-- https://www.phpmyadmin.net/
--
-- Host: 127.0.0.1
-- Waktu pembuatan: 02 Jan 2025 pada 10.47
-- Versi server: 10.4.32-MariaDB
-- Versi PHP: 8.2.12

SET SQL_MODE = "NO_AUTO_VALUE_ON_ZERO";
START TRANSACTION;
SET time_zone = "+00:00";


/*!40101 SET @OLD_CHARACTER_SET_CLIENT=@@CHARACTER_SET_CLIENT */;
/*!40101 SET @OLD_CHARACTER_SET_RESULTS=@@CHARACTER_SET_RESULTS */;
/*!40101 SET @OLD_COLLATION_CONNECTION=@@COLLATION_CONNECTION */;
/*!40101 SET NAMES utf8mb4 */;

--
-- Database: `keretakuy`
--

-- --------------------------------------------------------

--
-- Stand-in struktur untuk tampilan `adminbookedtickets`
-- (Lihat di bawah untuk tampilan aktual)
--
CREATE TABLE `adminbookedtickets` (
);

-- --------------------------------------------------------

--
-- Struktur dari tabel `kereta`
--

CREATE TABLE `kereta` (
  `idKereta` int(2) UNSIGNED ZEROFILL NOT NULL,
  `nama` varchar(100) NOT NULL,
  `kapasitas` int(11) NOT NULL,
  `hargaKereta` int(11) DEFAULT NULL
) ENGINE=InnoDB DEFAULT CHARSET=utf8mb4 COLLATE=utf8mb4_general_ci;

--
-- Dumping data untuk tabel `kereta`
--

INSERT INTO `kereta` (`idKereta`, `nama`, `kapasitas`, `hargaKereta`) VALUES
(01, 'Pasundan', 10, 500),
(02, 'Pangandaran', 10, 1000),
(03, 'Argo Wilis', 10, 1200),
(04, 'Brawijaya', 10, 1300);

-- --------------------------------------------------------

--
-- Struktur dari tabel `penumpang`
--

CREATE TABLE `penumpang` (
  `idPenumpang` int(11) NOT NULL,
  `namaPenumpang` varchar(50) NOT NULL,
  `emailPenumpang` varchar(30) NOT NULL,
  `idUser` int(3) UNSIGNED ZEROFILL NOT NULL
) ENGINE=InnoDB DEFAULT CHARSET=utf8mb4 COLLATE=utf8mb4_general_ci;

--
-- Dumping data untuk tabel `penumpang`
--

INSERT INTO `penumpang` (`idPenumpang`, `namaPenumpang`, `emailPenumpang`, `idUser`) VALUES
(1, 'Afif Kurniawan Supriyadi', 'afifksupriyadi@gmail.com', 001),
(2, 'Aydin Shidqi Athalla Karyanto', 'aydin@gmail.com', 001),
(3, 'Reza Ilham Maulana', 'rezailham@gmail.com', 001);

-- --------------------------------------------------------

--
-- Struktur dari tabel `rute`
--

CREATE TABLE `rute` (
  `idRute` int(11) NOT NULL,
  `idKereta` int(2) UNSIGNED ZEROFILL DEFAULT NULL,
  `idStasiunAsal` int(3) UNSIGNED ZEROFILL DEFAULT NULL,
  `idStasiunTujuan` int(3) UNSIGNED ZEROFILL DEFAULT NULL,
  `departureTime` time NOT NULL,
  `arrivalTime` time NOT NULL,
  `distance` int(11) NOT NULL,
  `capacity` int(11) NOT NULL,
  `date` date NOT NULL
) ENGINE=InnoDB DEFAULT CHARSET=utf8mb4 COLLATE=utf8mb4_general_ci;

--
-- Dumping data untuk tabel `rute`
--

INSERT INTO `rute` (`idRute`, `idKereta`, `idStasiunAsal`, `idStasiunTujuan`, `departureTime`, `arrivalTime`, `distance`, `capacity`, `date`) VALUES
(1, 01, 001, 002, '06:00:00', '07:30:00', 70, 10, '2025-01-06'),
(2, 01, 002, 003, '07:45:00', '08:15:00', 40, 10, '2025-01-06'),
(3, 01, 003, 004, '08:30:00', '09:00:00', 40, 10, '2025-01-06'),
(4, 01, 004, 005, '09:15:00', '10:45:00', 50, 10, '2025-01-06'),
(5, 01, 005, 006, '11:00:00', '13:00:00', 120, 10, '2025-01-06'),
(6, 01, 006, 007, '13:15:00', '14:45:00', 80, 10, '2025-01-06'),
(7, 01, 007, 008, '15:00:00', '16:30:00', 100, 10, '2025-01-06'),
(8, 01, 008, 009, '16:45:00', '17:45:00', 110, 10, '2025-01-06'),
(9, 01, 009, 010, '18:00:00', '19:30:00', 90, 10, '2025-01-06'),
(10, 01, 001, 002, '06:00:00', '07:30:00', 70, 10, '2025-01-07'),
(11, 01, 002, 003, '07:45:00', '08:15:00', 40, 10, '2025-01-07'),
(12, 01, 003, 004, '08:30:00', '09:00:00', 40, 10, '2025-01-07'),
(13, 01, 004, 005, '09:15:00', '10:45:00', 50, 10, '2025-01-07'),
(14, 01, 005, 006, '11:00:00', '13:00:00', 120, 10, '2025-01-07'),
(15, 01, 006, 007, '13:15:00', '14:45:00', 80, 10, '2025-01-07'),
(16, 01, 007, 008, '15:00:00', '16:30:00', 100, 10, '2025-01-07'),
(17, 01, 008, 009, '16:45:00', '17:45:00', 110, 10, '2025-01-07'),
(18, 01, 009, 010, '18:00:00', '19:30:00', 90, 10, '2025-01-07'),
(19, 01, 001, 002, '06:00:00', '07:30:00', 70, 7, '2025-01-08'),
(20, 01, 002, 003, '07:45:00', '08:15:00', 40, 7, '2025-01-08'),
(21, 01, 003, 004, '08:30:00', '09:00:00', 40, 10, '2025-01-08'),
(22, 01, 004, 005, '09:15:00', '10:45:00', 50, 10, '2025-01-08'),
(23, 01, 005, 006, '11:00:00', '13:00:00', 120, 10, '2025-01-08'),
(24, 01, 006, 007, '13:15:00', '14:45:00', 80, 10, '2025-01-08'),
(25, 01, 007, 008, '15:00:00', '16:30:00', 100, 10, '2025-01-08'),
(26, 01, 008, 009, '16:45:00', '17:45:00', 110, 10, '2025-01-08'),
(27, 01, 009, 010, '18:00:00', '19:30:00', 90, 10, '2025-01-08'),
(28, 01, 001, 002, '06:00:00', '07:30:00', 70, 10, '2025-01-09'),
(29, 01, 002, 003, '07:45:00', '08:15:00', 40, 10, '2025-01-09'),
(30, 01, 003, 004, '08:30:00', '09:00:00', 40, 10, '2025-01-09'),
(31, 01, 004, 005, '09:15:00', '10:45:00', 50, 10, '2025-01-09'),
(32, 01, 005, 006, '11:00:00', '13:00:00', 120, 10, '2025-01-09'),
(33, 01, 006, 007, '13:15:00', '14:45:00', 80, 10, '2025-01-09'),
(34, 01, 007, 008, '15:00:00', '16:30:00', 100, 10, '2025-01-09'),
(35, 01, 008, 009, '16:45:00', '17:45:00', 110, 10, '2025-01-09'),
(36, 01, 009, 010, '18:00:00', '19:30:00', 90, 10, '2025-01-09'),
(37, 01, 001, 002, '06:00:00', '07:30:00', 70, 10, '2025-01-10'),
(38, 01, 002, 003, '07:45:00', '08:15:00', 40, 10, '2025-01-10'),
(39, 01, 003, 004, '08:30:00', '09:00:00', 40, 10, '2025-01-10'),
(40, 01, 004, 005, '09:15:00', '10:45:00', 50, 10, '2025-01-10'),
(41, 01, 005, 006, '11:00:00', '13:00:00', 120, 10, '2025-01-10'),
(42, 01, 006, 007, '13:15:00', '14:45:00', 80, 10, '2025-01-10'),
(43, 01, 007, 008, '15:00:00', '16:30:00', 100, 10, '2025-01-10'),
(44, 01, 008, 009, '16:45:00', '17:45:00', 110, 10, '2025-01-10'),
(45, 01, 009, 010, '18:00:00', '19:30:00', 90, 10, '2025-01-10'),
(46, 02, 011, 012, '09:30:00', '09:45:00', 20, 10, '2025-01-06'),
(47, 02, 012, 013, '09:50:00', '10:30:00', 120, 10, '2025-01-06'),
(48, 02, 013, 001, '10:50:00', '11:15:00', 10, 10, '2025-01-06'),
(49, 02, 001, 002, '11:15:00', '13:00:00', 70, 10, '2025-01-06'),
(50, 02, 002, 003, '13:15:00', '13:45:00', 40, 10, '2025-01-06'),
(51, 02, 003, 004, '14:00:00', '14:30:00', 40, 10, '2025-01-06'),
(52, 02, 004, 014, '14:45:00', '16:00:00', 70, 10, '2025-01-06'),
(53, 02, 011, 012, '09:30:00', '09:45:00', 20, 10, '2025-01-07'),
(54, 02, 012, 013, '09:50:00', '10:30:00', 120, 10, '2025-01-07'),
(55, 02, 013, 001, '10:50:00', '11:15:00', 10, 10, '2025-01-07'),
(56, 02, 001, 002, '11:15:00', '13:00:00', 70, 10, '2025-01-07'),
(57, 02, 002, 003, '13:15:00', '13:45:00', 40, 10, '2025-01-07'),
(58, 02, 003, 004, '14:00:00', '14:30:00', 40, 10, '2025-01-07'),
(59, 02, 004, 014, '14:45:00', '16:00:00', 70, 10, '2025-01-07'),
(60, 02, 011, 012, '09:30:00', '09:45:00', 20, 10, '2025-01-08'),
(61, 02, 012, 013, '09:50:00', '10:30:00', 120, 10, '2025-01-08'),
(62, 02, 013, 001, '10:50:00', '11:15:00', 10, 10, '2025-01-08'),
(63, 02, 001, 002, '11:15:00', '13:00:00', 70, 10, '2025-01-08'),
(64, 02, 002, 003, '13:15:00', '13:45:00', 40, 10, '2025-01-08'),
(65, 02, 003, 004, '14:00:00', '14:30:00', 40, 10, '2025-01-08'),
(66, 02, 004, 014, '14:45:00', '16:00:00', 70, 10, '2025-01-08'),
(67, 02, 011, 012, '09:30:00', '09:45:00', 20, 10, '2025-01-09'),
(68, 02, 012, 013, '09:50:00', '10:30:00', 120, 10, '2025-01-09'),
(69, 02, 013, 001, '10:50:00', '11:15:00', 10, 10, '2025-01-09'),
(70, 02, 001, 002, '11:15:00', '13:00:00', 70, 10, '2025-01-09'),
(71, 02, 002, 003, '13:15:00', '13:45:00', 40, 10, '2025-01-09'),
(72, 02, 003, 004, '14:00:00', '14:30:00', 40, 10, '2025-01-09'),
(73, 02, 004, 014, '14:45:00', '16:00:00', 70, 10, '2025-01-09'),
(74, 02, 011, 012, '09:30:00', '09:45:00', 20, 10, '2025-01-10'),
(75, 02, 012, 013, '09:50:00', '10:30:00', 120, 10, '2025-01-10'),
(76, 02, 013, 001, '10:50:00', '11:15:00', 10, 10, '2025-01-10'),
(77, 02, 001, 002, '11:15:00', '13:00:00', 70, 10, '2025-01-10'),
(78, 02, 002, 003, '13:15:00', '13:45:00', 40, 10, '2025-01-10'),
(79, 02, 003, 004, '14:00:00', '14:30:00', 40, 10, '2025-01-10'),
(80, 02, 004, 014, '14:45:00', '16:00:00', 70, 10, '2025-01-10'),
(81, 03, 001, 015, '05:00:00', '06:30:00', 110, 10, '2025-01-06'),
(82, 03, 015, 002, '06:45:00', '08:15:00', 120, 10, '2025-01-06'),
(83, 03, 002, 003, '08:30:00', '09:00:00', 40, 10, '2025-01-06'),
(84, 03, 003, 004, '09:15:00', '09:45:00', 40, 10, '2025-01-06'),
(85, 03, 004, 005, '10:00:00', '11:30:00', 80, 10, '2025-01-06'),
(86, 03, 005, 016, '11:45:00', '13:15:00', 100, 10, '2025-01-06'),
(87, 03, 016, 006, '13:30:00', '15:00:00', 110, 10, '2025-01-06'),
(88, 03, 006, 017, '15:15:00', '16:45:00', 70, 10, '2025-01-06'),
(89, 03, 017, 008, '17:00:00', '18:30:00', 100, 10, '2025-01-06'),
(90, 03, 008, 009, '18:45:00', '19:45:00', 110, 10, '2025-01-06'),
(91, 03, 009, 018, '20:00:00', '20:45:00', 50, 10, '2025-01-06'),
(92, 03, 018, 019, '21:00:00', '22:00:00', 60, 10, '2025-01-06'),
(93, 03, 001, 015, '05:00:00', '06:30:00', 110, 10, '2025-01-07'),
(94, 03, 015, 002, '06:45:00', '08:15:00', 120, 10, '2025-01-07'),
(95, 03, 002, 003, '08:30:00', '09:00:00', 40, 10, '2025-01-07'),
(96, 03, 003, 004, '09:15:00', '09:45:00', 40, 10, '2025-01-07'),
(97, 03, 004, 005, '10:00:00', '11:30:00', 80, 10, '2025-01-07'),
(98, 03, 005, 016, '11:45:00', '13:15:00', 100, 10, '2025-01-07'),
(99, 03, 016, 006, '13:30:00', '15:00:00', 110, 10, '2025-01-07'),
(100, 03, 006, 017, '15:15:00', '16:45:00', 70, 10, '2025-01-07'),
(101, 03, 017, 008, '17:00:00', '18:30:00', 100, 10, '2025-01-07'),
(102, 03, 008, 009, '18:45:00', '19:45:00', 110, 10, '2025-01-07'),
(103, 03, 009, 018, '20:00:00', '20:45:00', 50, 10, '2025-01-07'),
(104, 03, 018, 019, '21:00:00', '22:00:00', 60, 10, '2025-01-07'),
(105, 03, 001, 015, '05:00:00', '06:30:00', 110, 10, '2025-01-08'),
(106, 03, 015, 002, '06:45:00', '08:15:00', 120, 10, '2025-01-08'),
(107, 03, 002, 003, '08:30:00', '09:00:00', 40, 10, '2025-01-08'),
(108, 03, 003, 004, '09:15:00', '09:45:00', 40, 10, '2025-01-08'),
(109, 03, 004, 005, '10:00:00', '11:30:00', 80, 10, '2025-01-08'),
(110, 03, 005, 016, '11:45:00', '13:15:00', 100, 10, '2025-01-08'),
(111, 03, 016, 006, '13:30:00', '15:00:00', 110, 10, '2025-01-08'),
(112, 03, 006, 017, '15:15:00', '16:45:00', 70, 10, '2025-01-08'),
(113, 03, 017, 008, '17:00:00', '18:30:00', 100, 10, '2025-01-08'),
(114, 03, 008, 009, '18:45:00', '19:45:00', 110, 10, '2025-01-08'),
(115, 03, 009, 018, '20:00:00', '20:45:00', 50, 10, '2025-01-08'),
(116, 03, 018, 019, '21:00:00', '22:00:00', 60, 10, '2025-01-08'),
(117, 03, 001, 015, '05:00:00', '06:30:00', 110, 10, '2025-01-09'),
(118, 03, 015, 002, '06:45:00', '08:15:00', 120, 10, '2025-01-09'),
(119, 03, 002, 003, '08:30:00', '09:00:00', 40, 10, '2025-01-09'),
(120, 03, 003, 004, '09:15:00', '09:45:00', 40, 10, '2025-01-09'),
(121, 03, 004, 005, '10:00:00', '11:30:00', 80, 10, '2025-01-09'),
(122, 03, 005, 016, '11:45:00', '13:15:00', 100, 10, '2025-01-09'),
(123, 03, 016, 006, '13:30:00', '15:00:00', 110, 10, '2025-01-09'),
(124, 03, 006, 017, '15:15:00', '16:45:00', 70, 10, '2025-01-09'),
(125, 03, 017, 008, '17:00:00', '18:30:00', 100, 10, '2025-01-09'),
(126, 03, 008, 009, '18:45:00', '19:45:00', 110, 10, '2025-01-09'),
(127, 03, 009, 018, '20:00:00', '20:45:00', 50, 10, '2025-01-09'),
(128, 03, 018, 019, '21:00:00', '22:00:00', 60, 10, '2025-01-09'),
(129, 03, 001, 015, '05:00:00', '06:30:00', 110, 10, '2025-01-10'),
(130, 03, 015, 002, '06:45:00', '08:15:00', 120, 10, '2025-01-10'),
(131, 03, 002, 003, '08:30:00', '09:00:00', 40, 10, '2025-01-10'),
(132, 03, 003, 004, '09:15:00', '09:45:00', 40, 10, '2025-01-10'),
(133, 03, 004, 005, '10:00:00', '11:30:00', 80, 10, '2025-01-10'),
(134, 03, 005, 016, '11:45:00', '13:15:00', 100, 10, '2025-01-10'),
(135, 03, 016, 006, '13:30:00', '15:00:00', 110, 10, '2025-01-10'),
(136, 03, 006, 017, '15:15:00', '16:45:00', 70, 10, '2025-01-10'),
(137, 03, 017, 008, '17:00:00', '18:30:00', 100, 10, '2025-01-10'),
(138, 03, 008, 009, '18:45:00', '19:45:00', 110, 10, '2025-01-10'),
(139, 03, 009, 018, '20:00:00', '20:45:00', 50, 10, '2025-01-10'),
(140, 03, 018, 019, '21:00:00', '22:00:00', 60, 10, '2025-01-10'),
(141, 04, 020, 021, '05:00:00', '05:10:00', 10, 10, '2025-01-06'),
(142, 04, 021, 022, '05:20:00', '05:50:00', 30, 10, '2025-01-06'),
(143, 04, 022, 023, '06:00:00', '06:40:00', 40, 10, '2025-01-06'),
(144, 04, 023, 024, '06:50:00', '07:20:00', 30, 10, '2025-01-06'),
(145, 04, 024, 025, '07:30:00', '08:10:00', 40, 10, '2025-01-06'),
(146, 04, 025, 026, '08:20:00', '08:50:00', 30, 10, '2025-01-06'),
(147, 04, 026, 008, '09:00:00', '09:30:00', 40, 10, '2025-01-06'),
(148, 04, 008, 017, '09:40:00', '11:00:00', 100, 10, '2025-01-06'),
(149, 04, 017, 006, '11:15:00', '12:30:00', 110, 10, '2025-01-06'),
(150, 04, 006, 016, '12:40:00', '13:30:00', 70, 10, '2025-01-06'),
(151, 04, 016, 005, '13:45:00', '15:15:00', 100, 10, '2025-01-06'),
(152, 04, 005, 027, '15:30:00', '17:00:00', 150, 10, '2025-01-06'),
(153, 04, 027, 028, '17:20:00', '18:50:00', 140, 10, '2025-01-06'),
(154, 04, 028, 029, '19:00:00', '19:30:00', 30, 10, '2025-01-06'),
(155, 04, 029, 030, '19:40:00', '20:00:00', 20, 10, '2025-01-06'),
(156, 04, 020, 021, '05:00:00', '05:10:00', 10, 10, '2025-01-07'),
(157, 04, 021, 022, '05:20:00', '05:50:00', 30, 10, '2025-01-07'),
(158, 04, 022, 023, '06:00:00', '06:40:00', 40, 10, '2025-01-07'),
(159, 04, 023, 024, '06:50:00', '07:20:00', 30, 10, '2025-01-07'),
(160, 04, 024, 025, '07:30:00', '08:10:00', 40, 10, '2025-01-07'),
(161, 04, 025, 026, '08:20:00', '08:50:00', 30, 10, '2025-01-07'),
(162, 04, 026, 008, '09:00:00', '09:30:00', 40, 10, '2025-01-07'),
(163, 04, 008, 017, '09:40:00', '11:00:00', 100, 10, '2025-01-07'),
(164, 04, 017, 006, '11:15:00', '12:30:00', 110, 10, '2025-01-07'),
(165, 04, 006, 016, '12:40:00', '13:30:00', 70, 10, '2025-01-07'),
(166, 04, 016, 005, '13:45:00', '15:15:00', 100, 10, '2025-01-07'),
(167, 04, 005, 027, '15:30:00', '17:00:00', 150, 10, '2025-01-07'),
(168, 04, 027, 028, '17:20:00', '18:50:00', 140, 10, '2025-01-07'),
(169, 04, 028, 029, '19:00:00', '19:30:00', 30, 10, '2025-01-07'),
(170, 04, 029, 030, '19:40:00', '20:00:00', 20, 10, '2025-01-07'),
(171, 04, 020, 021, '05:00:00', '05:10:00', 10, 10, '2025-01-08'),
(172, 04, 021, 022, '05:20:00', '05:50:00', 30, 10, '2025-01-08'),
(173, 04, 022, 023, '06:00:00', '06:40:00', 40, 10, '2025-01-08'),
(174, 04, 023, 024, '06:50:00', '07:20:00', 30, 10, '2025-01-08'),
(175, 04, 024, 025, '07:30:00', '08:10:00', 40, 10, '2025-01-08'),
(176, 04, 025, 026, '08:20:00', '08:50:00', 30, 10, '2025-01-08'),
(177, 04, 026, 008, '09:00:00', '09:30:00', 40, 10, '2025-01-08'),
(178, 04, 008, 017, '09:40:00', '11:00:00', 100, 10, '2025-01-08'),
(179, 04, 017, 006, '11:15:00', '12:30:00', 110, 10, '2025-01-08'),
(180, 04, 006, 016, '12:40:00', '13:30:00', 70, 10, '2025-01-08'),
(181, 04, 016, 005, '13:45:00', '15:15:00', 100, 10, '2025-01-08'),
(182, 04, 005, 027, '15:30:00', '17:00:00', 150, 10, '2025-01-08'),
(183, 04, 027, 028, '17:20:00', '18:50:00', 140, 10, '2025-01-08'),
(184, 04, 028, 029, '19:00:00', '19:30:00', 30, 10, '2025-01-08'),
(185, 04, 029, 030, '19:40:00', '20:00:00', 20, 10, '2025-01-08'),
(186, 04, 020, 021, '05:00:00', '05:10:00', 10, 10, '2025-01-09'),
(187, 04, 021, 022, '05:20:00', '05:50:00', 30, 10, '2025-01-09'),
(188, 04, 022, 023, '06:00:00', '06:40:00', 40, 10, '2025-01-09'),
(189, 04, 023, 024, '06:50:00', '07:20:00', 30, 10, '2025-01-09'),
(190, 04, 024, 025, '07:30:00', '08:10:00', 40, 10, '2025-01-09'),
(191, 04, 025, 026, '08:20:00', '08:50:00', 30, 10, '2025-01-09'),
(192, 04, 026, 008, '09:00:00', '09:30:00', 40, 10, '2025-01-09'),
(193, 04, 008, 017, '09:40:00', '11:00:00', 100, 10, '2025-01-09'),
(194, 04, 017, 006, '11:15:00', '12:30:00', 110, 10, '2025-01-09'),
(195, 04, 006, 016, '12:40:00', '13:30:00', 70, 10, '2025-01-09'),
(196, 04, 016, 005, '13:45:00', '15:15:00', 100, 10, '2025-01-09'),
(197, 04, 005, 027, '15:30:00', '17:00:00', 150, 10, '2025-01-09'),
(198, 04, 027, 028, '17:20:00', '18:50:00', 140, 10, '2025-01-09'),
(199, 04, 028, 029, '19:00:00', '19:30:00', 30, 10, '2025-01-09'),
(200, 04, 029, 030, '19:40:00', '20:00:00', 20, 10, '2025-01-09'),
(201, 04, 020, 021, '05:00:00', '05:10:00', 10, 10, '2025-01-10'),
(202, 04, 021, 022, '05:20:00', '05:50:00', 30, 10, '2025-01-10'),
(203, 04, 022, 023, '06:00:00', '06:40:00', 40, 10, '2025-01-10'),
(204, 04, 023, 024, '06:50:00', '07:20:00', 30, 10, '2025-01-10'),
(205, 04, 024, 025, '07:30:00', '08:10:00', 40, 10, '2025-01-10'),
(206, 04, 025, 026, '08:20:00', '08:50:00', 30, 10, '2025-01-10'),
(207, 04, 026, 008, '09:00:00', '09:30:00', 40, 10, '2025-01-10'),
(208, 04, 008, 017, '09:40:00', '11:00:00', 100, 10, '2025-01-10'),
(209, 04, 017, 006, '11:15:00', '12:30:00', 110, 10, '2025-01-10'),
(210, 04, 006, 016, '12:40:00', '13:30:00', 70, 10, '2025-01-10'),
(211, 04, 016, 005, '13:45:00', '15:15:00', 100, 10, '2025-01-10'),
(212, 04, 005, 027, '15:30:00', '17:00:00', 150, 10, '2025-01-10'),
(213, 04, 027, 028, '17:20:00', '18:50:00', 140, 10, '2025-01-10'),
(214, 04, 028, 029, '19:00:00', '19:30:00', 30, 10, '2025-01-10'),
(215, 04, 029, 030, '19:40:00', '20:00:00', 20, 10, '2025-01-10');

-- --------------------------------------------------------

--
-- Struktur dari tabel `stasiun`
--

CREATE TABLE `stasiun` (
  `idStasiun` int(3) UNSIGNED ZEROFILL NOT NULL,
  `nama` varchar(100) NOT NULL
) ENGINE=InnoDB DEFAULT CHARSET=utf8mb4 COLLATE=utf8mb4_general_ci;

--
-- Dumping data untuk tabel `stasiun`
--

INSERT INTO `stasiun` (`idStasiun`, `nama`) VALUES
(001, 'Bandung'),
(004, 'Banjar'),
(012, 'Bekasi'),
(024, 'Blitar'),
(003, 'Ciamis'),
(029, 'Cikarang'),
(014, 'Cilacap'),
(013, 'Cimahi'),
(015, 'Cipeundeuy'),
(028, 'Cirebon'),
(031, 'Gambir'),
(011, 'Jakarta'),
(030, 'Jatinegara'),
(009, 'Jombang'),
(026, 'Kediri'),
(022, 'Kepanjen'),
(005, 'Kroya'),
(016, 'Kutoarjo'),
(008, 'Madiun'),
(020, 'Malang'),
(021, 'Malang Kotalama'),
(018, 'Mojokerto'),
(027, 'Nganjuk'),
(017, 'Solo Balapan'),
(007, 'Sragen'),
(010, 'Surabaya'),
(019, 'Surabaya Gubeng'),
(002, 'Tasikmalaya'),
(025, 'Tulungagung'),
(023, 'Wlingi'),
(006, 'Yogyakarta');

-- --------------------------------------------------------

--
-- Struktur dari tabel `ticketbooked`
--

CREATE TABLE `ticketbooked` (
  `idBooked` int(11) NOT NULL,
  `idUser` int(3) UNSIGNED ZEROFILL NOT NULL,
  `idPenumpang` int(11) NOT NULL,
  `idKereta` int(2) UNSIGNED ZEROFILL NOT NULL,
  `idStasiunAsal` int(3) UNSIGNED ZEROFILL NOT NULL,
  `idStasiunTujuan` int(3) UNSIGNED ZEROFILL NOT NULL,
  `departureTime` time NOT NULL,
  `arrivalTime` time NOT NULL,
  `tanggalKeberangkatan` date NOT NULL,
  `harga` int(11) NOT NULL,
  `waktuBooking` datetime NOT NULL DEFAULT current_timestamp()
) ENGINE=InnoDB DEFAULT CHARSET=utf8mb4 COLLATE=utf8mb4_general_ci;

--
-- Dumping data untuk tabel `ticketbooked`
--

INSERT INTO `ticketbooked` (`idBooked`, `idUser`, `idPenumpang`, `idKereta`, `idStasiunAsal`, `idStasiunTujuan`, `departureTime`, `arrivalTime`, `tanggalKeberangkatan`, `harga`, `waktuBooking`) VALUES
(1, 001, 1, 01, 001, 003, '06:00:00', '08:15:00', '2025-01-08', 55000, '2025-01-02 16:44:00'),
(2, 001, 2, 01, 001, 003, '06:00:00', '08:15:00', '2025-01-08', 55000, '2025-01-02 16:44:00'),
(3, 001, 3, 01, 001, 003, '06:00:00', '08:15:00', '2025-01-08', 55000, '2025-01-02 16:44:00');

-- --------------------------------------------------------

--
-- Struktur dari tabel `user`
--

CREATE TABLE `user` (
  `idUser` int(3) UNSIGNED ZEROFILL NOT NULL,
  `nama` varchar(50) DEFAULT NULL,
  `email` varchar(30) DEFAULT NULL,
  `gender` enum('Laki-laki','Perempuan') DEFAULT NULL,
  `tanggalLahir` date DEFAULT NULL,
  `username` varchar(20) DEFAULT NULL,
  `passwrd` varchar(20) DEFAULT NULL
) ENGINE=InnoDB DEFAULT CHARSET=utf8mb4 COLLATE=utf8mb4_general_ci;

--
-- Dumping data untuk tabel `user`
--

INSERT INTO `user` (`idUser`, `nama`, `email`, `gender`, `tanggalLahir`, `username`, `passwrd`) VALUES
(001, 'Afif Kurniawan Supriyadi', 'afifksupriyadi@gmail.com', 'Laki-laki', '2024-12-28', 'afifks', 'afifks'),
(002, 'Muhammad Fathir Arraihan', 'fathir@gmail.com', 'Laki-laki', '2024-12-01', 'fathir', 'fathir'),
(003, 'Christoper Daeng Kilantan', 'daeng@gmail.com', 'Laki-laki', '2024-12-15', 'daeng', 'daeng'),
(004, 'Nazhmi Ahmad Fauzan', 'nazhmi@gmail.com', 'Laki-laki', '2024-12-31', 'nazhmi', 'nazhmi'),
(005, 'Muhammad RIbhy Rizwanul Islam', 'ribhy@gmail.com', 'Laki-laki', '2025-01-05', 'ribhy', 'ribhy');

-- --------------------------------------------------------

--
-- Struktur untuk view `adminbookedtickets`
--
DROP TABLE IF EXISTS `adminbookedtickets`;

CREATE ALGORITHM=UNDEFINED DEFINER=`root`@`localhost` SQL SECURITY DEFINER VIEW `adminbookedtickets`  AS SELECT `u`.`idUser` AS `idUser`, `u`.`nama` AS `namaUser`, `k`.`nama` AS `namaKereta`, `k`.`idKereta` AS `nomorKereta`, `s1`.`nama` AS `stasiunAsal`, `s2`.`nama` AS `stasiunTujuan`, `tb`.`departureTime` AS `departureTime`, `tb`.`arrivalTime` AS `arrivalTime`, `tb`.`tanggalKeberangkatan` AS `tanggalKeberangkatan`, `tb`.`jumlahPenumpang` AS `jumlahPenumpang`, round(`tb`.`harga` / `k`.`hargaKereta`,0) AS `totalDistance`, `tb`.`harga` AS `harga`, `tb`.`waktuBooking` AS `waktuBooking` FROM ((((`ticketbooked` `tb` join `user` `u` on(`tb`.`idUser` = `u`.`idUser`)) join `kereta` `k` on(`tb`.`idKereta` = `k`.`idKereta`)) join `stasiun` `s1` on(`tb`.`idStasiunAsal` = `s1`.`idStasiun`)) join `stasiun` `s2` on(`tb`.`idStasiunTujuan` = `s2`.`idStasiun`)) ORDER BY `tb`.`waktuBooking` DESC, `tb`.`tanggalKeberangkatan` ASC, `tb`.`departureTime` ASC ;

--
-- Indexes for dumped tables
--

--
-- Indeks untuk tabel `kereta`
--
ALTER TABLE `kereta`
  ADD PRIMARY KEY (`idKereta`);

--
-- Indeks untuk tabel `penumpang`
--
ALTER TABLE `penumpang`
  ADD PRIMARY KEY (`idPenumpang`),
  ADD KEY `idUser` (`idUser`);

--
-- Indeks untuk tabel `rute`
--
ALTER TABLE `rute`
  ADD PRIMARY KEY (`idRute`),
  ADD KEY `idKereta` (`idKereta`),
  ADD KEY `idStasiunAsal` (`idStasiunAsal`),
  ADD KEY `idStasiunTujuan` (`idStasiunTujuan`);

--
-- Indeks untuk tabel `stasiun`
--
ALTER TABLE `stasiun`
  ADD PRIMARY KEY (`idStasiun`),
  ADD UNIQUE KEY `nama` (`nama`);

--
-- Indeks untuk tabel `ticketbooked`
--
ALTER TABLE `ticketbooked`
  ADD PRIMARY KEY (`idBooked`),
  ADD KEY `idUser` (`idUser`),
  ADD KEY `idPenumpang` (`idPenumpang`),
  ADD KEY `idKereta` (`idKereta`),
  ADD KEY `idStasiunAsal` (`idStasiunAsal`),
  ADD KEY `idStasiunTujuan` (`idStasiunTujuan`);

--
-- Indeks untuk tabel `user`
--
ALTER TABLE `user`
  ADD PRIMARY KEY (`idUser`);

--
-- AUTO_INCREMENT untuk tabel yang dibuang
--

--
-- AUTO_INCREMENT untuk tabel `kereta`
--
ALTER TABLE `kereta`
  MODIFY `idKereta` int(2) UNSIGNED ZEROFILL NOT NULL AUTO_INCREMENT, AUTO_INCREMENT=5;

--
-- AUTO_INCREMENT untuk tabel `penumpang`
--
ALTER TABLE `penumpang`
  MODIFY `idPenumpang` int(11) NOT NULL AUTO_INCREMENT, AUTO_INCREMENT=4;

--
-- AUTO_INCREMENT untuk tabel `rute`
--
ALTER TABLE `rute`
  MODIFY `idRute` int(11) NOT NULL AUTO_INCREMENT, AUTO_INCREMENT=216;

--
-- AUTO_INCREMENT untuk tabel `stasiun`
--
ALTER TABLE `stasiun`
  MODIFY `idStasiun` int(3) UNSIGNED ZEROFILL NOT NULL AUTO_INCREMENT, AUTO_INCREMENT=32;

--
-- AUTO_INCREMENT untuk tabel `ticketbooked`
--
ALTER TABLE `ticketbooked`
  MODIFY `idBooked` int(11) NOT NULL AUTO_INCREMENT, AUTO_INCREMENT=4;

--
-- AUTO_INCREMENT untuk tabel `user`
--
ALTER TABLE `user`
  MODIFY `idUser` int(3) UNSIGNED ZEROFILL NOT NULL AUTO_INCREMENT, AUTO_INCREMENT=6;

--
-- Ketidakleluasaan untuk tabel pelimpahan (Dumped Tables)
--

--
-- Ketidakleluasaan untuk tabel `penumpang`
--
ALTER TABLE `penumpang`
  ADD CONSTRAINT `penumpang_ibfk_1` FOREIGN KEY (`idUser`) REFERENCES `user` (`idUser`);

--
-- Ketidakleluasaan untuk tabel `rute`
--
ALTER TABLE `rute`
  ADD CONSTRAINT `rute_ibfk_1` FOREIGN KEY (`idKereta`) REFERENCES `kereta` (`idKereta`),
  ADD CONSTRAINT `rute_ibfk_2` FOREIGN KEY (`idStasiunAsal`) REFERENCES `stasiun` (`idStasiun`),
  ADD CONSTRAINT `rute_ibfk_3` FOREIGN KEY (`idStasiunTujuan`) REFERENCES `stasiun` (`idStasiun`);

--
-- Ketidakleluasaan untuk tabel `ticketbooked`
--
ALTER TABLE `ticketbooked`
  ADD CONSTRAINT `ticketbooked_ibfk_1` FOREIGN KEY (`idUser`) REFERENCES `user` (`idUser`),
  ADD CONSTRAINT `ticketbooked_ibfk_2` FOREIGN KEY (`idPenumpang`) REFERENCES `penumpang` (`idPenumpang`),
  ADD CONSTRAINT `ticketbooked_ibfk_3` FOREIGN KEY (`idKereta`) REFERENCES `kereta` (`idKereta`),
  ADD CONSTRAINT `ticketbooked_ibfk_4` FOREIGN KEY (`idStasiunAsal`) REFERENCES `stasiun` (`idStasiun`),
  ADD CONSTRAINT `ticketbooked_ibfk_5` FOREIGN KEY (`idStasiunTujuan`) REFERENCES `stasiun` (`idStasiun`);
COMMIT;

/*!40101 SET CHARACTER_SET_CLIENT=@OLD_CHARACTER_SET_CLIENT */;
/*!40101 SET CHARACTER_SET_RESULTS=@OLD_CHARACTER_SET_RESULTS */;
/*!40101 SET COLLATION_CONNECTION=@OLD_COLLATION_CONNECTION */;
